{
  "K": 6,
  "mean_memberships": 2.0155038759689923,
  "overlap_pct": 0.5968992248062015
}