{
  "LDA": {
    "K": 13,
    "coherence": 0.594963109455052,
    "diversity": 0.7923076923076923
  },
  "BERTopic": {
    "K": 12,
    "coherence": 0.7055541417786807,
    "diversity": 0.625
  }
}