{
  "lda_best_k": 13,
  "lda_coherence": 0.594963109455052,
  "lda_diversity": 0.7923076923076923,
  "coherence_scores_by_k": {
    "4": 0.5272189816915758,
    "5": 0.5808127224563316,
    "6": 0.5640509700120447,
    "7": 0.5616731922954662,
    "8": 0.5028571578434721,
    "9": 0.5642015573337845,
    "10": 0.5284966501833559,
    "11": 0.521536936121504,
    "12": 0.5116521273820499,
    "13": 0.5889300555011785,
    "14": 0.5884223977796259,
    "15": 0.5847188953204655
  }
}