period,n_edges,active_nodes,density,avg_degree
Periode Awal,186,63,0.02252906976744186,2.883720930232558
Periode Tengah,172,79,0.020833333333333332,2.6666666666666665
Periode Terkini,122,68,0.014777131782945737,1.8914728682170543
